id,title,price,description,style,material,skin_tone,occasion,gemstone,image_url,category
9334804381913,Arabic Zircon (01) Mix Gold Ring,2599.00,Pure silver 925 gold plated size 15-16 medium highest quality of zircon stones,Statement,Mixed,Neutral,Daily,Zircon,https://cdn.shopify.com/s/files/1/0537/8310/1608/files/B7275F1E-C187-40A0-9C86-E8C88E54ACB0.png?v=1764937360,Ring
9334803890393,Arabic Zircon Eny Qareeb Mix Gold Ring,2400.00,Pure silver 925 gold plated size 15-16 medium highest quality of zircon stones,Traditional,Mixed,Warm Tones,Daily,Zircon,https://cdn.shopify.com/s/files/1/0537/8310/1608/files/FED407AA-4894-45AD-846F-99C0218E9BAE.png?v=1764937171,Ring
9334804021465,Arabic Zircon Hafez Mix Gold Ring,2599.00,Pure silver 925 gold plated size 15-16 medium highest quality of zircon stones,Traditional,Mixed,Neutral,Party,Zircon,https://cdn.shopify.com/s/files/1/0537/8310/1608/files/FFDFC0BB-C762-489F-B2B9-DECF6FC96B2E.png?v=1764937269,Ring
9334803792089,Arabic Zircon El Wahab Mix Gold Ring,2499.00,Pure silver 925 gold plated size 15-16 medium highest quality of zircon stones,Traditional,Mixed,Neutral,Party,Zircon,https://cdn.shopify.com/s/files/1/0537/8310/1608/files/B2533688-B9D3-438B-86EE-9952034A4475.png?v=1764936948,Ring
9378002469081,Barq Sa3ada Mix Gold Ring,2400.00,Pure silver 925 gold plated adjustable,Bold,Mixed,Warm Tones,Daily,None,https://cdn.shopify.com/s/files/1/0537/8310/1608/files/F3765031-DFB8-49CC-83B4-D8ACE481A5F8.png?v=1764842982,Ring
9340676309209,Balls & Barq Necklace,1799.00,Pure silver 925 platinum plated,Minimalist,Sterling Silver,Warm Tones,Daily,None,https://cdn.shopify.com/s/files/1/0537/8310/1608/files/83069975-44B3-4ED4-8E9B-9648F373FE6D.png?v=1764750387,Necklace
8984548049113,Bedouin Bangle,3999.00,Material: Sterling Silver 925 Finishing: Plain Size : Adjustable,Boho,Silver,Warm Tones,Daily,None,https://cdn.shopify.com/s/files/1/0537/8310/1608/files/40429DEC-14C1-4413-BAD8-8E23640E9F95.jpg?v=1724847465,Bangle
9349234786521,5 Zircons Bracelet Gold Plated,1099.00,Pure silver 925 gold plated adjustable highest quality of zircon stones,Dainty,Gold,Warm Tones,Daily,Crystal,https://cdn.shopify.com/s/files/1/0537/8310/1608/files/59B2AFD4-7701-46CF-BC62-A216B1F8FAEF.png?v=1764570822,Bracelet
9357416399065,Zircon Flower Aqua (03) Bracelet,750.00,Pure silver 925 platinum plated highest quality of zircon stones adjustable,Dainty,Silver,Warm Tones,Daily,Sapphire,https://cdn.shopify.com/s/files/1/0537/8310/1608/files/FDF47277-0E0A-40D9-9F42-3E34D18C580A.png?v=1764569701,Bracelet
9373797679321,Zircon Big Balls Earing,950.00,Pure silver 925 platinum plated highest quality of zircon stones pair,Classic,White Gold,Neutral,Daily,Diamond,https://cdn.shopify.com/s/files/1/0537/8310/1608/files/802D8A81-19DC-4C6E-85D3-4C4A5B07BCF1.png?v=1764524379,Earring
9371125645529,Arabic (08) Mix Gold Ring,999.00,Pure silver 925 size 15-16 medium gold plated,Traditional,Mixed,Warm Tones,Daily,None,https://cdn.shopify.com/s/files/1/0537/8310/1608/files/8581DF86-A34D-4350-8A8A-5E84C996057D.png?v=1764199058,Ring
9371125055705,Arabic (05) Mix Gold Ring,999.00,Pure silver 925 size 15-16 medium gold plated,Traditional,Mixed,Warm Tones,Daily,None,https://cdn.shopify.com/s/files/1/0537/8310/1608/files/5AB00013-7D52-4440-9A18-8D56A3C6198C.png?v=1764199000,Ring
9371125383385,Arabic (07) Mix Gold Ring,999.00,Pure silver 925 size 15-16 medium gold plated,Traditional,Mixed,Warm Tones,Daily,None,https://cdn.shopify.com/s/files/1/0537/8310/1608/files/5809DBBE-2D50-484D-BF60-FADBBA53607C.png?v=1764198903,Ring
9371125285081,Arabic (06) Mix Gold Ring,999.00,Pure silver 925 size 15-16 medium gold plated,Traditional,Mixed,Warm Tones,Daily,None,https://cdn.shopify.com/s/files/1/0537/8310/1608/files/72456F18-EAF2-423B-A532-AC2C31F19FAE.png?v=1764198717,Ring
9373835854041,Zircon Tennis (08) Bracelet,1899.00,Pure silver 925 Platinum plated adjustable قفل شداد Highest quality of zircon stones,Classic,Sterling Silver,Warm Tones,Daily,Crystal,https://cdn.shopify.com/s/files/1/0537/8310/1608/files/A4DC4A55-8F19-43FC-B59E-8B2E318059D8.png?v=1764198456,Bracelet
9373813768409,Zircon Circles & Oval Bracelet,1499.00,Pure silver 925 platinum plated highest quality of zircon stones,Classic,White Gold,Warm Tones,Party,Diamond,https://cdn.shopify.com/s/files/1/0537/8310/1608/files/81470361-522B-43F2-B397-76FE435BA092.png?v=1764198350,Bracelet
9373808623833,Zircon Three North Star Handchain,1199.00,Pure silver 925 platinum plated adjustable highest quality of zircon stones,Dainty,Silver,Warm Tones,Daily,Zircon,https://cdn.shopify.com/s/files/1/0537/8310/1608/files/1D787A53-EFB9-4294-8EC5-58DA6A6B43C9.png?v=1764197745,Chain
8350877384921,Zircon (071-Fuchsia) Ring,500.00,Sterling Silver Ring,Dainty,Sterling Silver,Cool Tones,Anniversary,Ruby,https://cdn.shopify.com/s/files/1/0537/8310/1608/files/1_dab8bb6b-0b8c-400e-8db0-3155f3235452.jpg?v=1701967303,Ring
9359301345497,Sa3ada (01) Bracelet,2700.00,Pure silver 925,Traditional,Sterling Silver,Warm Tones,Daily,None,https://cdn.shopify.com/s/files/1/0537/8310/1608/files/82A9498A-5A04-4814-9DD3-E92A676153E9.png?v=1763729786,Bracelet
9365312438489,Arabic (020) Ring,1799.00,Pure silver 925 size 15-16,Traditional,Sterling Silver,Warm Tones,Daily,None,https://cdn.shopify.com/s/files/1/0537/8310/1608/files/89FFA709-CE8B-4A76-93A1-4C51DF8883BA.png?v=1763729203,Ring
9365312995545,Arabic (022) Ring,1499.00,Pure silver 925 size 15-16,Boho,Sterling Silver,Warm Tones,Daily,None,https://cdn.shopify.com/s/files/1/0537/8310/1608/files/8C41969A-7224-4A7B-B7FE-07C2A6122588.jpg?v=1763728791,Ring
9365313650905,Arabic (023) Ring,1499.00,Pure silver 925 size 15-16,Traditional,Sterling Silver,Warm Tones,Daily,None,https://cdn.shopify.com/s/files/1/0537/8310/1608/files/BD409BCC-51DB-4BF2-9444-E2EDA2F2F10A.png?v=1763730070,Ring
9365312700633,Arabic (021) Ring,1570.00,Pure silver 925 size 15-16 medium,Traditional,Mixed,Warm Tones,Daily,None,https://cdn.shopify.com/s/files/1/0537/8310/1608/files/97AB2034-FB0A-4538-B082-16F7EB8D790C.jpg?v=1763727692,Ring
9365258600665,Arabic (02-Turquoise) Necklace,3999.00,Pure silver 925,Boho,Silver,Warm Tones,Daily,Turquoise,https://cdn.shopify.com/s/files/1/0537/8310/1608/files/IMG-4120.png?v=1763639528,Necklace
9346199650521,Zircon Double Oval Ring,499.00,Pure silver 925 adjustable highest quality of zircon stones platinum plated,Dainty,Silver,Warm Tones,Daily,Diamond,https://cdn.shopify.com/s/files/1/0537/8310/1608/files/DAF5794F-5C4A-4CBA-BCD9-651D5388F39C.png?v=1763577073,Ring
9360366993625,Pharaonic lotus Earring,1050.00,Pure silver 925 natural stones pair,Boho,Mixed,Warm Tones,Daily,Turquoise,https://cdn.shopify.com/s/files/1/0537/8310/1608/files/651A83BB-C31A-42F0-A8E9-7F54B0D5238B.png?v=1763553549,Earring
9359675556057,one pearl Braclete,470.00,Pure silver 925 Natural pearl adjustable,Minimalist,Silver,Warm Tones,Daily,Pearl,https://cdn.shopify.com/s/files/1/0537/8310/1608/files/607F43A7-1961-44FF-8B68-0741D0D4B0E4.png?v=1763553361,Bracelet
9359262679257,Arabic Enta Omrey Mix Gold Earring,1899.00,Pure silver 925 pair gold plated,Traditional,Mixed,Warm Tones,Daily,None,https://cdn.shopify.com/s/files/1/0537/8310/1608/files/3ECB1656-A39B-47E4-B172-DB0A703C4328.png?v=1763163170,Earring
9207269621977,Arabic (03) Bracelet,3400.00,Pure silver 925,Boho,Sterling Silver,Warm Tones,Daily,None,https://cdn.shopify.com/s/files/1/0537/8310/1608/files/F027C249-4C5A-456E-B3D9-6256B4AC9818.png?v=1763452761,Bracelet
8010209525977,Zircon (042-Pink) Ring,499.00,Sterling Silver RingSize : 15,Dainty,Sterling Silver,Warm Tones,Daily,Ruby,https://cdn.shopify.com/s/files/1/0537/8310/1608/files/2-Copy_f557a4a6-fe24-4bbd-b72d-5d1ab83559d2.jpg?v=1697375594,Ring
9363850035417,Pear Shape Diamonds Necklace - 18K Gold,21400.00,Material: 18K Gold &amp; Natural Diamonds Gold Weight: 1.97 gm Stones Weight: 0.15 ct,Classic,White Gold,Cool Tones,Party,Diamond,https://cdn.shopify.com/s/files/1/0537/8310/1608/files/20250915_0947_ElegantSilverNecklace_remix_01k561ygs9fe5rqdfab0x9tymr.png?v=1763310412,Necklace
6583649239208,Sa3ada Hand Necklace,4995.00,Sterling Silver Necklace,Boho,Sterling Silver,Cool Tones,Daily,Pearl,https://cdn.shopify.com/s/files/1/0537/8310/1608/products/NE-0208.jpg?v=1615734359,Necklace
9360346579161,Sodalite & pearl Necklace,1100.00,Handmade pure silver 925 pearls sodalite stones adjustable,Classic,Mixed,Neutral,Daily,Pearl,https://cdn.shopify.com/s/files/1/0537/8310/1608/files/76FDCA32-6D59-4022-BF0F-1A302A01055A.png?v=1763164145,Necklace
9357412106457,Square Zircon & Red Necklace,1499.00,Pure silver 925 platinum plated highest quality of zircon stones,Classic,White Gold,Neutral,Party,Ruby,https://cdn.shopify.com/s/files/1/0537/8310/1608/files/F8F60073-9A3C-4AC5-B1BC-941392C1D0CD.jpg?v=1764539920,Necklace
9360354017497,lapise & oval  Necklace,2950.00,Pure silver 925 natural stones handmade,Boho,Silver,Warm Tones,Daily,None,https://cdn.shopify.com/s/files/1/0537/8310/1608/files/8F939D7B-C2E3-4F5B-A4FE-EC6E1940A723.png?v=1763163518,Necklace
9357418856665,Zircon Sun Bracelet,2699.00,Pure silver 925 platinum plated adjustable قفل شداد,Classic,Sterling Silver,Warm Tones,Party,Zircon,https://cdn.shopify.com/s/files/1/0537/8310/1608/files/CD2A6A19-614C-4522-8D11-403BBFCE2585.png?v=1763162697,Bracelet
9346194800857,Zircon Diamond (01) Hoop Earring,1400.00,Pure silver 925 platinum plated highest quality of zircon stones pair,Classic,Sterling Silver,Neutral,Daily,Diamond,https://cdn.shopify.com/s/files/1/0537/8310/1608/files/7ADD3756-D6E7-4C96-AA09-79ACC721AA4F.png?v=1763162790,Hoop
9340807971033,Zircon V Tennis Necklace,5999.00,Pure silver 925 platinum plated highest quality of zircon stones,Classic,White Gold,Neutral,Party,Diamond,https://cdn.shopify.com/s/files/1/0537/8310/1608/files/2AF6BF08-F859-42F4-B838-CAA24C74FA74.png?v=1763162432,Necklace
9360341696729,Ruby & Balls Bracelet,750.00,Pure silver 925 Natural stones adjustable,Dainty,Mixed,Warm Tones,Daily,Pearl,https://cdn.shopify.com/s/files/1/0537/8310/1608/files/486CB38E-DEDD-4F51-8F63-39485E827BC7.png?v=1763162120,Bracelet
9360766238937,Arabic (07) Bracelet,1899.00,Pure silver 925 adjustable,Modern,Silver,Warm Tones,Daily,None,https://cdn.shopify.com/s/files/1/0537/8310/1608/files/999A05DA-84EC-4DDE-8C56-45F26C7AF45B.png?v=1763074140,Bracelet
9359259271385,Arabic Enta Omrey Mix Gold Ring,1499.00,Pure silver 925 gold plated adjustable,Traditional,Mixed,Warm Tones,Daily,None,https://cdn.shopify.com/s/files/1/0537/8310/1608/files/98BD5C7E-FC27-4621-B6A7-0E536B6EE350.png?v=1763020970,Ring
9359674507481,pearl & Allah hafez mixgold Braclete,2100.00,Pure silver 925 natural pearls gold plated highest quality of zircon stones,"['Classic', 'Romantic', 'Traditional', 'Dainty']","['Gold', 'Silver', 'Pearl']",Warm Tones,"['Daily', 'Party', 'Gift']","['Pearl', 'Crystal']",https://cdn.shopify.com/s/files/1/0537/8310/1608/files/7205C875-7D68-4168-BFC9-BE01524B342C.png?v=1762900396,Bracelet
9359672049881,pearl & Qalb Ya3shaq mixgold Braclete,2300.00,Pure silver 925 natural pearls gold plated highest quality of zircon stones,"Classic, Traditional, Statement",Mixed,Warm Tones,"Daily, Party, Gift","Pearl, Zircon",https://cdn.shopify.com/s/files/1/0537/8310/1608/files/DB92E2A8-8BF3-4BD4-9855-2CF94E94CC94.png?v=1762900271,Bracelet
9359669526745,pearl & sa3ada mixgold Braclete,2000.00,Pure silver 925 natural pearls gold plated highest quality of zircon stones,Classic,Mixed,Warm Tones,Party,Pearl,https://cdn.shopify.com/s/files/1/0537/8310/1608/files/B4B457DA-CE20-4006-B60A-5219B3A181BC.png?v=1762900055,Bracelet
9322697818329,Plain Heart Gold Plated Bangle,1999.00,Pure silver 925 adjustable,Romantic,Mixed,Warm Tones,Valentine,None,https://cdn.shopify.com/s/files/1/0537/8310/1608/files/3B1DAA7A-F444-4C04-9EEB-A953E43DD721.png?v=1762723663,Bangle
9322697752793,Plain Crescent Gold Plated Bangle,2050.00,Pure silver 925 adjustable,Nature,Mixed,Warm Tones,Daily,None,https://cdn.shopify.com/s/files/1/0537/8310/1608/files/C6902930-9368-4578-91D1-3C67097ECB16.png?v=1762723580,Bangle
9348887019737,Zircon Heart Aqua Set,2000.00,Pure silver 925 platinum plated highest quality of zircon stones adjustable,Romantic,Silver,Warm Tones,Valentine,Zircon,https://cdn.shopify.com/s/files/1/0537/8310/1608/files/B38A043F-9022-4280-B8E5-92E662471CA2.png?v=1762321426,Set
9271910105305,Mofta7 El7ayah Earring,550.00,Pure silver 925 pair,Traditional,Silver,Neutral,Daily,None,https://cdn.shopify.com/s/files/1/0537/8310/1608/files/D5A065AC-0393-4023-8D80-11C546349881.png?v=1762010760,Earring
9271909974233,Nefertiti Earring,699.00,Pure silver 925 Pair,Classic,Silver,Cool Tones,Daily,None,https://cdn.shopify.com/s/files/1/0537/8310/1608/files/F8781147-D043-41B3-A7B1-5247F7631E2A.png?v=1762010665,Earring
9271910203609,Eye of Horus Earring,650.00,Pure silver 925 platinum plated pair,Boho,Silver,Cool Tones,Daily,None,https://cdn.shopify.com/s/files/1/0537/8310/1608/files/A41C6FBD-48F8-47BD-8459-8D34CF1BE0E1.png?v=1762010557,Earring
9346187395289,Zircon Flower (07) Bracelet,1999.00,Pure silver 925 platinum plated highest quality of zircon stones adjustable قفل شداد,Dainty,Sterling Silver,Warm Tones,Party,Zircon,https://cdn.shopify.com/s/files/1/0537/8310/1608/files/C2703E43-4ED3-4633-8162-D70BF6B9DFEE.png?v=1761958045,Bracelet
9346183790809,Circles Zircon (03) Bracelet,2299.00,Pure silver 925 adjustable قفل شداد Highest quality of zircon stones platinum plated,Classic,White Gold,Warm Tones,Party,Diamond,https://cdn.shopify.com/s/files/1/0537/8310/1608/files/73A1DB3D-C378-45F2-AA6D-51BA5A49CF9E.png?v=1761956264,Bracelet
9349192909017,Zircon Oval Purple Shades Necklace,899.00,Pure silver 925 platinum plated highest quality of zircon stones adjustable,Minimalist,Silver,Warm Tones,Daily,Crystal,https://cdn.shopify.com/s/files/1/0537/8310/1608/files/4FE6B6D5-23A9-4248-B87B-1A77E173EC21.png?v=1761956091,Necklace
9346197127385,Zircon Diamond (032) Earring,599.00,Pure silver 925 platinum plated highest quality of zircon stones pair,Geometric,White Gold,Warm Tones,Daily,Diamond,https://cdn.shopify.com/s/files/1/0537/8310/1608/files/0B1D7416-9067-4F70-9BBD-F21AF296C6E1.jpg?v=1761955786,Earring
9349229674713,Zircon Blue Eye (03) Bracelet,799.00,Pure silver 925 platinum plated highest quality of zircon stones adjustable,Trendy,Sterling Silver,Warm Tones,Daily,Zircon,https://cdn.shopify.com/s/files/1/0537/8310/1608/files/9F77AF4A-8037-499F-8812-0C0D54423B9B.png?v=1761955935,Bracelet
9349232165081,Zircons Bracelet (010-Black),750.00,Pure silver 925 platinum plated adjustable,Dainty,Silver,Warm Tones,Daily,Onyx,https://cdn.shopify.com/s/files/1/0537/8310/1608/files/1F8FC779-5260-404C-81DA-FD80B2D95F48.png?v=1761911082,Bracelet
9338476069081,Tex Flower Set,2100.00,Pure silver 925 platinum plated,Boho,Silver,Warm Tones,Party,None,https://cdn.shopify.com/s/files/1/0537/8310/1608/files/A026978C-6460-4DE8-9D07-93F287CC2D1E.jpg?v=1761755492,Set
8350868308185,Zircon Snake (03) Ring,899.00,Sterling Silver Ring,Nature,Sterling Silver,Cool Tones,Party,Zircon,https://cdn.shopify.com/s/files/1/0537/8310/1608/files/1_9c6a4f32-5d92-484b-90f1-3b36cc495643.jpg?v=1701967489,Ring
9338475086041,Zircon Northstar (02) Set,2200.00,Pure silver 925 platinum plated highest quality of zircon stones adjustable,Dainty,Sterling Silver,Warm Tones,Daily,Zircon,https://cdn.shopify.com/s/files/1/0537/8310/1608/files/C6BE6160-F8AD-437C-A3EA-18B0B7F93DB1.png?v=1761685951,Set
9338487111897,Zircon Oval Set,1850.00,Pure silver 925 platinum plated highest quality of zircon stones adjustable,"Classic, Dainty",Silver,Warm Tones,"Daily, Party, Gift",Zircon,https://cdn.shopify.com/s/files/1/0537/8310/1608/files/B834CB87-CD63-4A8C-8AED-C785EC2CE701.png?v=1761685857,Set
9340676374745,Balls & Barq Anklet,899.00,Pure silver 925 platinum plated adjustable,Minimalist,Sterling Silver,Warm Tones,Daily,None,https://cdn.shopify.com/s/files/1/0537/8310/1608/files/9E5F7130-D816-4D0A-BA34-39B29C9427CB.png?v=1761685629,Anklet
9340678701273,Zircon Black Tennis (02) Bracelet,1900.00,Pure silver 925 platinum plated highest quality of zircon stones,Classic,White Gold,Warm Tones,Daily,Diamond,https://cdn.shopify.com/s/files/1/0537/8310/1608/files/9E58A5CD-8294-4E35-959C-AA5920F8AF4E.png?v=1761598729,Bracelet
9338482491609,Zircon Snowflake Set,1399.00,Pure silver 925 platinum plated necklace + pair of earrings highest quality of zircon stones,Nature,Silver,Warm Tones,Holiday,Zircon,https://cdn.shopify.com/s/files/1/0537/8310/1608/files/924E3666-51E8-4944-BDA5-2609528C78BB.png?v=1761598341,Set
7587122708697,Flower White Stone Bracelet,1899.00,Sterling Silver Bracelet,Vintage,Sterling Silver,Cool Tones,Daily,Pearl,https://cdn.shopify.com/s/files/1/0537/8310/1608/products/BE-0285.jpg?v=1647514648,Bracelet
7587137323225,Flower Blue Stone Bracelet,1899.00,Sterling Silver Bracelet,Traditional,Sterling Silver,Warm Tones,Daily,Turquoise,https://cdn.shopify.com/s/files/1/0537/8310/1608/products/BE-0286.jpg?v=1647515999,Bracelet
9334644343001,Bedouin Barq (03) Ring,1299.00,Pure silver 925 adjustable,Boho,Silver,Warm Tones,Daily,None,https://cdn.shopify.com/s/files/1/0537/8310/1608/files/0E315774-8EE1-4B9B-AD99-8C35BC7D8AE5.png?v=1761346033,Ring
9334648668377,Blue Zircon Arabic All I Can See Necklace,3900.00,Blue Zircon Arabic All I Can See Necklace,Traditional,Mixed,Neutral,Daily,Sapphire,https://cdn.shopify.com/s/files/1/0537/8310/1608/files/4CD73585-1EC9-4ECB-8124-F5DCD5C70E09.jpg?v=1761208260,Necklace
9334644179161,Blue Zircon Arabic All I Can See Ring,2300.00,Pure silver 925 gold plated adjustable highest quality of zircon stones,Traditional,Mixed,Warm Tones,Daily,Zircon,https://cdn.shopify.com/s/files/1/0537/8310/1608/files/1CB57A54-7111-44CA-AB17-A1BC10BFCB44.png?v=1761208048,Ring
9338453426393,Sa3ada (02) Mix Gold Ring,1399.00,Pure silver 925 gold plated size 15-16,Classic,Mixed,Warm Tones,Daily,None,https://cdn.shopify.com/s/files/1/0537/8310/1608/files/FD91C3DD-0A38-40DE-9949-DF99FF402FFB.png?v=1761207688,Ring
9338452148441,Khayal Mix Gold Ring,2200.00,Pure silver 925 gold plated size 15-16,Traditional,Mixed,Warm Tones,Daily,None,https://cdn.shopify.com/s/files/1/0537/8310/1608/files/D52F13B6-0E19-4215-BEE3-BBBEEA731EDA.png?v=1761206172,Ring
9338451591385,Tex Flower Earring,799.00,Pure silver 925 platinum plated pair,Boho,Sterling Silver,Warm Tones,Daily,None,https://cdn.shopify.com/s/files/1/0537/8310/1608/files/D047A065-D917-4DB7-BD26-814BE8786922.png?v=1761573972,Earring
9334648832217,Fuchia Zircon Arabic (014) Necklace,3399.00,Pure silver 925 gold plated highest quality of zircon stones,Traditional,Mixed,Neutral,Daily,Ruby,https://cdn.shopify.com/s/files/1/0537/8310/1608/files/A3079129-E564-447E-A955-EF758710B9B3.png?v=1761204496,Necklace
9334643982553,Fuchsia Zircon Arabic (019) Ring,1899.00,Pure silver 925 gold plated highest quality of zircon stones adjustable,Traditional,Mixed,Warm Tones,Daily,None,https://cdn.shopify.com/s/files/1/0537/8310/1608/files/BDAADFE5-B388-4464-A269-0F50886DB286.png?v=1761203633,Ring
9311004852441,Tourmaline &oval Earring,650.00,Pure silver 925 Pair tourmaline stones,Dainty,Mixed,Warm Tones,Daily,None,https://cdn.shopify.com/s/files/1/0537/8310/1608/files/237036D6-E1D8-4309-99EA-69233C9B84F5.png?v=1761196475,Earring
7935768199385,Tiny Zircon RG Ring,399.00,Sterling Silver RingSize 15,Dainty,Rose Gold,Warm Tones,Daily,Zircon,https://cdn.shopify.com/s/files/1/0537/8310/1608/products/1_5312f7df-d3d1-4fdd-8198-a0175c237479.jpg?v=1673707116,Ring
9325826441433,silver & Malachite Necklace,3150.00,Pure silver 925 natural stones malachite adjustable 60 cm,Boho,Silver,Neutral,Daily,Turquoise,https://cdn.shopify.com/s/files/1/0537/8310/1608/files/3367B757-1174-4E8E-9490-22804615E7AA.png?v=1761051674,Necklace
9272718655705,Zircon Pink (019) Bracelet,1000.00,Pure silver 925 platinum plated highest quality of zircon stones adjustable,Dainty,Sterling Silver,Warm Tones,Daily,Crystal,https://cdn.shopify.com/s/files/1/0537/8310/1608/files/CFAC19FE-AC16-4DF5-9657-450576CAC90B.png?v=1760998792,Bracelet
9322281468121,Blue Zircon All I Can See Mix Gold Bracelet,2400.00,Pure silver 925 gold plated adjustable,Traditional,Mixed,Warm Tones,Daily,Zircon,https://cdn.shopify.com/s/files/1/0537/8310/1608/files/8DC12CCC-DB59-472B-90C7-9AEA1E1F8105.png?v=1760995137,Bracelet
9322282156249,Fuchsia Zircon Arabic (06) Bracelet,2799.00,توجه حيث شئت فانك منصور Pure silver 925 gold plated adjustable highest quality of zircon stones,Classic,Mixed,Warm Tones,Gift,Ruby,https://cdn.shopify.com/s/files/1/0537/8310/1608/files/5086B494-C4D0-4C8B-839C-63F291427455.png?v=1761203396,Bracelet
7473684152537,Heart (T) Necklace,4000.00,Sterling Silver Necklace,Classic,Sterling Silver,Cool Tones,Daily,None,https://cdn.shopify.com/s/files/1/0537/8310/1608/products/NH-0281_86430ba9-8456-4a57-8443-0edb6ce4b86c.jpg?v=1652589564,Necklace
8596777074905,Double Zircon Bracelet (010) Pink,2550.00,Sterling Silver Bracelet,Geometric,Silver,Neutral,Party,Ruby,https://cdn.shopify.com/s/files/1/0537/8310/1608/files/1_9eb0bf37-a842-4ce4-b53d-61b7cbf6aeaa.jpg?v=1711305583,Bracelet
8596774289625,Double Zircon Bracelet (010) Navy,2550.00,Sterling Silver Bracelet,Geometric,Silver,Warm Tones,Daily,Sapphire,https://cdn.shopify.com/s/files/1/0537/8310/1608/files/1_851c7a66-c887-433c-9287-e5191bf2d883.jpg?v=1711305436,Bracelet
9312285032665,Zircon Oval (06) Green Necklace,1599.00,Pure silver 925 platinum plated highest quality of zircon stones adjustable,Classic,Silver,Neutral,Party,Emerald,https://cdn.shopify.com/s/files/1/0537/8310/1608/files/EB1DB87D-F875-4C43-8E3D-16A001DBC425.png?v=1760739216,Necklace
9312284672217,Zircon Oval (06) Blue Necklace,1499.00,Pure silver 925 platinum plated highest quality of zircon stones adjustable,Classic,White Gold,Warm Tones,"Party, Anniversary, Gift","Sapphire, Diamond",https://cdn.shopify.com/s/files/1/0537/8310/1608/files/0E0B30D0-4BC4-4F2E-9ED7-176637BF64CD.png?v=1760739141,Necklace
9325830734041,silver & Malachite Earring,4070.00,Pure silver 925 Malachite stones pair,Boho,Sterling Silver,Warm Tones,Daily,None,https://cdn.shopify.com/s/files/1/0537/8310/1608/files/C05C5672-C515-4F27-BBCB-5D0971B06564.png?v=1760737381,Earring
9325827162329,small navy stones Necklace,1899.00,Pure silver 925 adjustable,Minimalist,Beaded,Warm Tones,Daily,Pearl,https://cdn.shopify.com/s/files/1/0537/8310/1608/files/FC61BA74-658D-461A-8640-B6160DF1AB08.png?v=1760613260,Necklace
9330160894169,Circle & Triangle Zircon Anklet,799.00,Pure silver 925 platinum plated highest quality of zircon stones adjustable,"Dainty, Minimalist, Geometric, Trendy",Silver,Cool Tones,"Daily, Gift, Holiday",Zircon,https://cdn.shopify.com/s/files/1/0537/8310/1608/files/A00A3FC6-9BCE-49E0-91A8-764E8964B637.png?v=1760613184,Anklet
9325825556697,Disco Ball Anklet,950.00,Pure silver 925 platinum plated,Dainty,Silver,Warm Tones,Daily,None,https://cdn.shopify.com/s/files/1/0537/8310/1608/files/887756EA-6A14-4D7C-BA19-D6F3B2A6A483.png?v=1760612739,Anklet
9323137368281,Zircon Butterfly (07) Necklace,1800.00,Pure silver 925 platinum plated highest quality of zircon stones adjustable,Nature,Silver,Cool Tones,Daily,Zircon,https://cdn.shopify.com/s/files/1/0537/8310/1608/files/DC0A985B-553B-452E-A6DF-A24F0ABCB533.png?v=1760612518,Necklace
9330164760793,Zircon Turquiose Eye & Crescent Necklace,1599.00,Pure silver 925 platinum plated,Boho,Sterling Silver,Neutral,Daily,Turquoise,https://cdn.shopify.com/s/files/1/0537/8310/1608/files/D2CCB8E8-E8DE-47CA-BB1B-52C8CC2C8314.png?v=1760612030,Necklace
9325830766809,Small jad stones Bracelet,850.00,Pure silver 925 natural stones adjustable,Minimalist,Beaded,Warm Tones,Daily,Emerald,https://cdn.shopify.com/s/files/1/0537/8310/1608/files/291B723B-00B0-448E-8415-D80E50496B30.png?v=1760611306,Bracelet
9325826834649,small black stones Necklace,1899.00,Pure silver 925 adjustable,Dainty,Beaded,Warm Tones,Daily,Pearl,https://cdn.shopify.com/s/files/1/0537/8310/1608/files/FF047AC7-BFA3-4CD3-B593-BE7857504348.jpg?v=1760608552,Necklace
9325826703577,small fuchsia stones Necklace,1899.00,Pure silver 925 adjustable natural stones,Dainty,Beaded,Warm Tones,Daily,Ruby,https://cdn.shopify.com/s/files/1/0537/8310/1608/files/6009315C-8FF1-4EA1-8D8F-171F42C2A79A.jpg?v=1760608408,Necklace
9325830668505,Small black stones Bracelet,850.00,Pure silver 925 natural stones adjustable,Dainty,Beaded,Warm Tones,Daily,Onyx,https://cdn.shopify.com/s/files/1/0537/8310/1608/files/DF2E3A8D-5CF9-45C5-A2BD-CDBC34B9E38B.png?v=1760607008,Bracelet
9312270057689,Zircon Oval Fuchsia Double Layer Necklace,1299.00,Pure silver 925 platinum plated highest quality of zircon stones double layer adjustable,Dainty,Silver,Warm Tones,Daily,"Ruby, Zircon",https://cdn.shopify.com/s/files/1/0537/8310/1608/files/B873A489-3423-453B-B9B8-4F048C6DBC39.jpg?v=1760476016,Necklace
9201393402073,Bulky Wavy (08) Earring,1599.00,Pure silver 925 platinum plated pair,Vintage,Silver,Warm Tones,Daily,None,https://cdn.shopify.com/s/files/1/0537/8310/1608/files/6054D787-3E8D-48C5-9889-ABE248BF4DFB.png?v=1760425343,Earring
9325430178009,Zircon Flower (011) Earring,999.00,Pure silver 925 platinum plated highest quality of zircon stones pair,Dainty,Sterling Silver,Warm Tones,Daily,Zircon,https://cdn.shopify.com/s/files/1/0537/8310/1608/files/8CDDE95D-8935-46BF-A4EC-C22FE04A313D.png?v=1760419359,Earring
9325823295705,Zircon Triangle (02) Earring,599.00,Pure silver 925 platinum plated highest quality of zircon stones pair,Geometric,Sterling Silver,Cool Tones,Daily,Zircon,https://cdn.shopify.com/s/files/1/0537/8310/1608/files/1B12A508-1761-41B5-8896-11A99422FA97.png?v=1760418496,Earring
9325430210777,Zircon (058) Earring,599.00,Pure silver 925 platinum plated highest quality of zircon stones pair,Modern,White Gold,Warm Tones,Daily,Zircon,https://cdn.shopify.com/s/files/1/0537/8310/1608/files/C3C4B531-92D5-4B53-937B-C0481852278C.png?v=1760418309,Earring
8896403374297,Zircon Hoop (027) E,899.00,Pure silver 925 platinum plated highest quality of zircon stones pair,Minimalist,Silver,Cool Tones,Daily,Zircon,https://cdn.shopify.com/s/files/1/0537/8310/1608/files/B3273120-1113-4D0B-98AE-2F5879D4B9C2.jpg?v=1718123278,Hoop
8206400192729,Twist Chain Bracelet,480.00,Sterling Silver Bracelet,Dainty,Sterling Silver,Cool Tones,Daily,None,https://cdn.shopify.com/s/files/1/0537/8310/1608/files/1_7323041b-78d2-49e0-896b-15cf5491718f.jpg?v=1688927827,Bracelet
9325430243545,Zircon Diamond (031) Earring,799.00,Pure silver 925 platinum plated highest quality of zircon stones pair,Classic,Silver,Warm Tones,Party,Zircon,https://cdn.shopify.com/s/files/1/0537/8310/1608/files/AFEEE925-1710-499E-B862-70026FBE1310.png?v=1760268492,Earring
9325728399577,Bedouin (02) Ring,2099.00,Pure silver 925 adjustable,Bold,Silver,Warm Tones,Daily,None,https://cdn.shopify.com/s/files/1/0537/8310/1608/files/C4B8FE3B-8A5B-44AC-8D94-F87ED53DF734.jpg?v=1760256568,Ring
